cohort,record_type,model,formula,n_episodes,n_persons,n_observations,n_fixed_effects,n_parameters,log_likelihood,AIC,BIC,fixed_variance,person_variance,episode_variance,residual_variance,marginal_R2,conditional_R2,converged,optimizer,optimizer_message,lrt_df,lrt_statistic,lrt_p_value,coefficient,estimate
UKHLS,model,U,z_outcome ~ time_point + event_type + calendar_time + baseline covariates + (1|person) + (1|episode),38438.0,24781.0,143058.0,22.0,25.0,-177678.0626799491,355406.1253598982,355652.9004954336,0.0537125074297665,0.4165129572293432,0.0252917482833515,0.5169011969059583,0.0530536652704768,0.4894391568962586,True,L-BFGS-B (best of five frozen starts),CONVERGENCE: RELATIVE REDUCTION OF F <= FACTR*EPSMCH,,,,,
UKHLS,model,E,z_outcome ~ time_point * event_type + calendar_time + baseline covariates + (1|person) + (1|episode),38438.0,24781.0,143058.0,34.0,37.0,-177235.0766919976,354544.1533839952,354909.3805845876,0.0568294502901711,0.4164606202139201,0.0263250082799331,0.512640368218632,0.0561414121884414,0.4935662043246217,True,L-BFGS-B (best of five frozen starts),CONVERGENCE: RELATIVE REDUCTION OF F <= FACTR*EPSMCH,,,,,
UKHLS,comparison,U_vs_E,Nested ML likelihood-ratio comparison on identical observations,,,,12.0,,885.9719759030268,-861.9719759030268,-743.519910846022,,,,,0.0030877469179645,0.004127047428363,True,,,12.0,885.9719759030268,5.9063214228142426e-182,,
UKHLS,fixed_effect,U,,38438.0,24781.0,143058.0,,,,,,,,,,,,True,,,,,,Intercept,0.0014266108991784
UKHLS,fixed_effect,U,,38438.0,24781.0,143058.0,,,,,,,,,,,,True,,,,,,time[pre2],-0.0188081482333463
UKHLS,fixed_effect,U,,38438.0,24781.0,143058.0,,,,,,,,,,,,True,,,,,,time[event],0.1155784125345965
UKHLS,fixed_effect,U,,38438.0,24781.0,143058.0,,,,,,,,,,,,True,,,,,,time[year2],0.0398882017811825
UKHLS,fixed_effect,U,,38438.0,24781.0,143058.0,,,,,,,,,,,,True,,,,,,time[year4],0.0492864939119419
UKHLS,fixed_effect,U,,38438.0,24781.0,143058.0,,,,,,,,,,,,True,,,,,,event[unemployment],-0.0881924824247413
UKHLS,fixed_effect,U,,38438.0,24781.0,143058.0,,,,,,,,,,,,True,,,,,,event[caregiving],-0.2798679153502745
UKHLS,fixed_effect,U,,38438.0,24781.0,143058.0,,,,,,,,,,,,True,,,,,,event[health],-0.2283776854848843
UKHLS,fixed_effect,U,,38438.0,24781.0,143058.0,,,,,,,,,,,,True,,,,,,age_centered,-0.0054390484833949
UKHLS,fixed_effect,U,,38438.0,24781.0,143058.0,,,,,,,,,,,,True,,,,,,calendar_centered,0.0203902346547005
UKHLS,fixed_effect,U,,38438.0,24781.0,143058.0,,,,,,,,,,,,True,,,,,,sex[female],0.2102497330758611
UKHLS,fixed_effect,U,,38438.0,24781.0,143058.0,,,,,,,,,,,,True,,,,,,education[other_qualification],0.0402587845727003
UKHLS,fixed_effect,U,,38438.0,24781.0,143058.0,,,,,,,,,,,,True,,,,,,education[no_qualification],0.0631724162223553
UKHLS,fixed_effect,U,,38438.0,24781.0,143058.0,,,,,,,,,,,,True,,,,,,education[unknown],0.0600489975345215
UKHLS,fixed_effect,U,,38438.0,24781.0,143058.0,,,,,,,,,,,,True,,,,,,socio[family_care],0.0545062413231094
UKHLS,fixed_effect,U,,38438.0,24781.0,143058.0,,,,,,,,,,,,True,,,,,,socio[long_term_sick],0.034921042069437
UKHLS,fixed_effect,U,,38438.0,24781.0,143058.0,,,,,,,,,,,,True,,,,,,socio[other],0.7595669298931111
UKHLS,fixed_effect,U,,38438.0,24781.0,143058.0,,,,,,,,,,,,True,,,,,,socio[retired],-0.0198502097115206
UKHLS,fixed_effect,U,,38438.0,24781.0,143058.0,,,,,,,,,,,,True,,,,,,socio[self_employed],0.042445115297631
UKHLS,fixed_effect,U,,38438.0,24781.0,143058.0,,,,,,,,,,,,True,,,,,,socio[student],0.1721893260739581
UKHLS,fixed_effect,U,,38438.0,24781.0,143058.0,,,,,,,,,,,,True,,,,,,socio[unemployed],0.2931367101620363
UKHLS,fixed_effect,U,,38438.0,24781.0,143058.0,,,,,,,,,,,,True,,,,,,socio[unknown],0.2016059874017078
UKHLS,fixed_effect,E,,38438.0,24781.0,143058.0,,,,,,,,,,,,True,,,,,,Intercept,-0.0172138573325998
UKHLS,fixed_effect,E,,38438.0,24781.0,143058.0,,,,,,,,,,,,True,,,,,,time[pre2],-0.2011817119595854
UKHLS,fixed_effect,E,,38438.0,24781.0,143058.0,,,,,,,,,,,,True,,,,,,time[event],0.5191595578962696
UKHLS,fixed_effect,E,,38438.0,24781.0,143058.0,,,,,,,,,,,,True,,,,,,time[year2],-0.1883969844962399
UKHLS,fixed_effect,E,,38438.0,24781.0,143058.0,,,,,,,,,,,,True,,,,,,time[year4],-0.2362554207598881
UKHLS,fixed_effect,E,,38438.0,24781.0,143058.0,,,,,,,,,,,,True,,,,,,event[unemployment],-0.1119650083846434
UKHLS,fixed_effect,E,,38438.0,24781.0,143058.0,,,,,,,,,,,,True,,,,,,event[caregiving],-0.2447533233606503
UKHLS,fixed_effect,E,,38438.0,24781.0,143058.0,,,,,,,,,,,,True,,,,,,event[health],-0.2230466487078119
UKHLS,fixed_effect,E,,38438.0,24781.0,143058.0,,,,,,,,,,,,True,,,,,,time[pre2]:event[unemployment],0.1834300484979483
UKHLS,fixed_effect,E,,38438.0,24781.0,143058.0,,,,,,,,,,,,True,,,,,,time[pre2]:event[caregiving],0.1947339451472191
UKHLS,fixed_effect,E,,38438.0,24781.0,143058.0,,,,,,,,,,,,True,,,,,,time[pre2]:event[health],0.1789472005072577
UKHLS,fixed_effect,E,,38438.0,24781.0,143058.0,,,,,,,,,,,,True,,,,,,time[event]:event[unemployment],-0.2024567285690606
UKHLS,fixed_effect,E,,38438.0,24781.0,143058.0,,,,,,,,,,,,True,,,,,,time[event]:event[caregiving],-0.4661019059225207
UKHLS,fixed_effect,E,,38438.0,24781.0,143058.0,,,,,,,,,,,,True,,,,,,time[event]:event[health],-0.392936543712185
UKHLS,fixed_effect,E,,38438.0,24781.0,143058.0,,,,,,,,,,,,True,,,,,,time[year2]:event[unemployment],0.141704975299322
UKHLS,fixed_effect,E,,38438.0,24781.0,143058.0,,,,,,,,,,,,True,,,,,,time[year2]:event[caregiving],0.217559659129693
UKHLS,fixed_effect,E,,38438.0,24781.0,143058.0,,,,,,,,,,,,True,,,,,,time[year2]:event[health],0.2706857673888279
UKHLS,fixed_effect,E,,38438.0,24781.0,143058.0,,,,,,,,,,,,True,,,,,,time[year4]:event[unemployment],0.2020758591514843
UKHLS,fixed_effect,E,,38438.0,24781.0,143058.0,,,,,,,,,,,,True,,,,,,time[year4]:event[caregiving],0.2762405047228535
UKHLS,fixed_effect,E,,38438.0,24781.0,143058.0,,,,,,,,,,,,True,,,,,,time[year4]:event[health],0.33116072254911
UKHLS,fixed_effect,E,,38438.0,24781.0,143058.0,,,,,,,,,,,,True,,,,,,age_centered,-0.0054165040579395
UKHLS,fixed_effect,E,,38438.0,24781.0,143058.0,,,,,,,,,,,,True,,,,,,calendar_centered,0.020315080123558
UKHLS,fixed_effect,E,,38438.0,24781.0,143058.0,,,,,,,,,,,,True,,,,,,sex[female],0.2105258955240348
UKHLS,fixed_effect,E,,38438.0,24781.0,143058.0,,,,,,,,,,,,True,,,,,,education[other_qualification],0.0397381646246698
UKHLS,fixed_effect,E,,38438.0,24781.0,143058.0,,,,,,,,,,,,True,,,,,,education[no_qualification],0.0626484401876286
UKHLS,fixed_effect,E,,38438.0,24781.0,143058.0,,,,,,,,,,,,True,,,,,,education[unknown],0.0593109674718428
UKHLS,fixed_effect,E,,38438.0,24781.0,143058.0,,,,,,,,,,,,True,,,,,,socio[family_care],0.0566496232252871
UKHLS,fixed_effect,E,,38438.0,24781.0,143058.0,,,,,,,,,,,,True,,,,,,socio[long_term_sick],0.0378772051655999
UKHLS,fixed_effect,E,,38438.0,24781.0,143058.0,,,,,,,,,,,,True,,,,,,socio[other],0.7610872748878803
UKHLS,fixed_effect,E,,38438.0,24781.0,143058.0,,,,,,,,,,,,True,,,,,,socio[retired],-0.0193086197150905
UKHLS,fixed_effect,E,,38438.0,24781.0,143058.0,,,,,,,,,,,,True,,,,,,socio[self_employed],0.0432376691552301
UKHLS,fixed_effect,E,,38438.0,24781.0,143058.0,,,,,,,,,,,,True,,,,,,socio[student],0.1727468536087254
UKHLS,fixed_effect,E,,38438.0,24781.0,143058.0,,,,,,,,,,,,True,,,,,,socio[unemployed],0.2993693468471253
UKHLS,fixed_effect,E,,38438.0,24781.0,143058.0,,,,,,,,,,,,True,,,,,,socio[unknown],0.2037508635346483
HRS,model,U,z_outcome ~ time_point + event_type + calendar_time + baseline covariates + (1|person) + (1|episode),16938.0,13073.0,68511.0,20.0,23.0,-84553.80377748611,169153.60755497223,169363.70679566413,0.0772434040341544,0.3980256536325525,0.0381180512209956,0.4969447643203232,0.0764534962050535,0.508137100790046,True,L-BFGS-B (best of five frozen starts),CONVERGENCE: RELATIVE REDUCTION OF F <= FACTR*EPSMCH,,,,,
HRS,model,E,z_outcome ~ time_point * event_type + calendar_time + baseline covariates + (1|person) + (1|episode),16938.0,13073.0,68511.0,32.0,35.0,-84276.15470261613,168622.30940523226,168942.02564106774,0.0818864477918438,0.3968666534999785,0.0389700385239793,0.492064376588355,0.0810927511596109,0.5127050309152252,True,L-BFGS-B (best of five frozen starts),CONVERGENCE: RELATIVE REDUCTION OF F <= FACTR*EPSMCH,,,,,
HRS,comparison,U_vs_E,Nested ML likelihood-ratio comparison on identical observations,,,,12.0,,555.2981497399742,-531.2981497399742,-421.6811545963865,,,,,0.0046392549545574,0.0045679301251791,True,,,12.0,555.2981497399742,3.670303637509762e-111,,
HRS,fixed_effect,U,,16938.0,13073.0,68511.0,,,,,,,,,,,,True,,,,,,Intercept,-0.4834369093891634
HRS,fixed_effect,U,,16938.0,13073.0,68511.0,,,,,,,,,,,,True,,,,,,time[pre2],-0.0378795301715904
HRS,fixed_effect,U,,16938.0,13073.0,68511.0,,,,,,,,,,,,True,,,,,,time[event],0.2069696805776771
HRS,fixed_effect,U,,16938.0,13073.0,68511.0,,,,,,,,,,,,True,,,,,,time[year2],0.1097112672265706
HRS,fixed_effect,U,,16938.0,13073.0,68511.0,,,,,,,,,,,,True,,,,,,time[year4],0.0296247913571298
HRS,fixed_effect,U,,16938.0,13073.0,68511.0,,,,,,,,,,,,True,,,,,,event[unemployment],-0.0946939608693905
HRS,fixed_effect,U,,16938.0,13073.0,68511.0,,,,,,,,,,,,True,,,,,,event[caregiving],-0.1501837625420979
HRS,fixed_effect,U,,16938.0,13073.0,68511.0,,,,,,,,,,,,True,,,,,,event[health],0.1359760996850889
HRS,fixed_effect,U,,16938.0,13073.0,68511.0,,,,,,,,,,,,True,,,,,,age_centered,-0.009911686148588
HRS,fixed_effect,U,,16938.0,13073.0,68511.0,,,,,,,,,,,,True,,,,,,calendar_centered,0.0048504728833804
HRS,fixed_effect,U,,16938.0,13073.0,68511.0,,,,,,,,,,,,True,,,,,,sex[female],0.1144106135688586
HRS,fixed_effect,U,,16938.0,13073.0,68511.0,,,,,,,,,,,,True,,,,,,education[other_qualification],0.2248195448869923
HRS,fixed_effect,U,,16938.0,13073.0,68511.0,,,,,,,,,,,,True,,,,,,education[no_qualification],0.5115636598298516
HRS,fixed_effect,U,,16938.0,13073.0,68511.0,,,,,,,,,,,,True,,,,,,education[unknown],0.1053930533228463
HRS,fixed_effect,U,,16938.0,13073.0,68511.0,,,,,,,,,,,,True,,,,,,socio[disabled],0.4675761412672231
HRS,fixed_effect,U,,16938.0,13073.0,68511.0,,,,,,,,,,,,True,,,,,,socio[not_labor_force],0.1570629408038162
HRS,fixed_effect,U,,16938.0,13073.0,68511.0,,,,,,,,,,,,True,,,,,,socio[partly_retired],-0.0225677618092828
HRS,fixed_effect,U,,16938.0,13073.0,68511.0,,,,,,,,,,,,True,,,,,,socio[retired],0.1759485317633435
HRS,fixed_effect,U,,16938.0,13073.0,68511.0,,,,,,,,,,,,True,,,,,,socio[unemployed],0.256869397745031
HRS,fixed_effect,U,,16938.0,13073.0,68511.0,,,,,,,,,,,,True,,,,,,socio[unknown],0.1450513430970765
HRS,fixed_effect,E,,16938.0,13073.0,68511.0,,,,,,,,,,,,True,,,,,,Intercept,-0.4860080863535121
HRS,fixed_effect,E,,16938.0,13073.0,68511.0,,,,,,,,,,,,True,,,,,,time[pre2],-0.0817710729701382
HRS,fixed_effect,E,,16938.0,13073.0,68511.0,,,,,,,,,,,,True,,,,,,time[event],0.3148007104092969
HRS,fixed_effect,E,,16938.0,13073.0,68511.0,,,,,,,,,,,,True,,,,,,time[year2],0.0464911125102155
HRS,fixed_effect,E,,16938.0,13073.0,68511.0,,,,,,,,,,,,True,,,,,,time[year4],-0.0257357914698196
HRS,fixed_effect,E,,16938.0,13073.0,68511.0,,,,,,,,,,,,True,,,,,,event[unemployment],-0.0350099752189459
HRS,fixed_effect,E,,16938.0,13073.0,68511.0,,,,,,,,,,,,True,,,,,,event[caregiving],-0.0915411530465625
HRS,fixed_effect,E,,16938.0,13073.0,68511.0,,,,,,,,,,,,True,,,,,,event[health],0.0779976417776779
HRS,fixed_effect,E,,16938.0,13073.0,68511.0,,,,,,,,,,,,True,,,,,,time[pre2]:event[unemployment],0.033000202091817
HRS,fixed_effect,E,,16938.0,13073.0,68511.0,,,,,,,,,,,,True,,,,,,time[pre2]:event[caregiving],0.0853466007604319
HRS,fixed_effect,E,,16938.0,13073.0,68511.0,,,,,,,,,,,,True,,,,,,time[pre2]:event[health],0.0800736261060553
HRS,fixed_effect,E,,16938.0,13073.0,68511.0,,,,,,,,,,,,True,,,,,,time[event]:event[unemployment],-0.2120972531299502
HRS,fixed_effect,E,,16938.0,13073.0,68511.0,,,,,,,,,,,,True,,,,,,time[event]:event[caregiving],-0.2550122695953564
HRS,fixed_effect,E,,16938.0,13073.0,68511.0,,,,,,,,,,,,True,,,,,,time[event]:event[health],-0.0758794188955115
HRS,fixed_effect,E,,16938.0,13073.0,68511.0,,,,,,,,,,,,True,,,,,,time[year2]:event[unemployment],-0.0454240524766691
HRS,fixed_effect,E,,16938.0,13073.0,68511.0,,,,,,,,,,,,True,,,,,,time[year2]:event[caregiving],-0.0265471354498106
HRS,fixed_effect,E,,16938.0,13073.0,68511.0,,,,,,,,,,,,True,,,,,,time[year2]:event[health],0.228794017893499
HRS,fixed_effect,E,,16938.0,13073.0,68511.0,,,,,,,,,,,,True,,,,,,time[year4]:event[unemployment],-0.0160072595688885
HRS,fixed_effect,E,,16938.0,13073.0,68511.0,,,,,,,,,,,,True,,,,,,time[year4]:event[caregiving],-0.0275335297140951
HRS,fixed_effect,E,,16938.0,13073.0,68511.0,,,,,,,,,,,,True,,,,,,time[year4]:event[health],0.2054275484787839
HRS,fixed_effect,E,,16938.0,13073.0,68511.0,,,,,,,,,,,,True,,,,,,age_centered,-0.0098884625494636
HRS,fixed_effect,E,,16938.0,13073.0,68511.0,,,,,,,,,,,,True,,,,,,calendar_centered,0.0048147485072661
HRS,fixed_effect,E,,16938.0,13073.0,68511.0,,,,,,,,,,,,True,,,,,,sex[female],0.115640956725261
HRS,fixed_effect,E,,16938.0,13073.0,68511.0,,,,,,,,,,,,True,,,,,,education[other_qualification],0.2245038063949189
HRS,fixed_effect,E,,16938.0,13073.0,68511.0,,,,,,,,,,,,True,,,,,,education[no_qualification],0.5102197775620569
HRS,fixed_effect,E,,16938.0,13073.0,68511.0,,,,,,,,,,,,True,,,,,,education[unknown],0.101053599624068
HRS,fixed_effect,E,,16938.0,13073.0,68511.0,,,,,,,,,,,,True,,,,,,socio[disabled],0.4660279234816472
HRS,fixed_effect,E,,16938.0,13073.0,68511.0,,,,,,,,,,,,True,,,,,,socio[not_labor_force],0.1574406124903373
HRS,fixed_effect,E,,16938.0,13073.0,68511.0,,,,,,,,,,,,True,,,,,,socio[partly_retired],-0.023032517261541
HRS,fixed_effect,E,,16938.0,13073.0,68511.0,,,,,,,,,,,,True,,,,,,socio[retired],0.1751589997196501
HRS,fixed_effect,E,,16938.0,13073.0,68511.0,,,,,,,,,,,,True,,,,,,socio[unemployed],0.2591872990678422
HRS,fixed_effect,E,,16938.0,13073.0,68511.0,,,,,,,,,,,,True,,,,,,socio[unknown],0.1421246985045232
