record_type,analysis,n_events,observed_proportion,notes,n_persons,observed_events,model_converged,n_predictors,weight_min,weight_p01,weight_median,weight_p99,weight_max,untruncated_weight_min,untruncated_weight_p01,untruncated_weight_median,untruncated_weight_p99,untruncated_weight_max,untruncated_weight_mean,untruncated_weight_sd,untruncated_weight_sum,truncated_weight_mean,truncated_weight_sd,truncated_weight_sum,effective_sample_size,event_type,outcome,estimate,sum_weights,cohort
official_weight_audit,event_wave_weight,38438,0.0,No harmonized event-specific longitudinal weight was present in the reused UKHLS panel.,,,,,,,,,,,,,,,,,,,,,,,,,,UKHLS
attrition_model,year2,38438,0.5942817004006452,,24781.0,22843.0,True,23.0,0.7202220200116867,0.7202220200116867,0.9424872085000288,1.6456774560983982,1.6456774560983982,0.687785913121881,0.7202220200116867,0.9424872085000288,1.6456774560983982,2.620670796464285,0.9939105087936746,0.2097141225985961,22703.89775237391,0.9923616351704092,0.2029696391403342,22668.516832197656,21925.81091246421,,,,,UKHLS
weighted_estimate,year2_unweighted,10706,,,,,,,,,,,,,,,,,,,,,,,10706.0,caregiving,persistence_2y_z,0.0274301772958702,10706.0,UKHLS
weighted_estimate,year2_unweighted,9788,,,,,,,,,,,,,,,,,,,,,,,9788.0,health,persistence_2y_z,0.078811460836588,9788.0,UKHLS
weighted_estimate,year2_unweighted,1773,,,,,,,,,,,,,,,,,,,,,,,1773.0,unemployment,persistence_2y_z,-0.0669898276434212,1773.0,UKHLS
weighted_estimate,year2_unweighted,576,,,,,,,,,,,,,,,,,,,,,,,576.0,widowhood,persistence_2y_z,-0.2089606078938573,576.0,UKHLS
weighted_estimate,year2_IPOW_truncated_1_99,10706,,,,,,,,,,,,,,,,,,,,,,,10370.91497107565,caregiving,persistence_2y_z,0.0220521599106793,11661.30592280498,UKHLS
weighted_estimate,year2_IPOW_truncated_1_99,9788,,,,,,,,,,,,,,,,,,,,,,,9640.050184611076,health,persistence_2y_z,0.0775758370832036,8394.195625780267,UKHLS
weighted_estimate,year2_IPOW_truncated_1_99,1773,,,,,,,,,,,,,,,,,,,,,,,1710.901698214285,unemployment,persistence_2y_z,-0.0711351444252242,2027.371400144936,UKHLS
weighted_estimate,year2_IPOW_truncated_1_99,576,,,,,,,,,,,,,,,,,,,,,,,560.0594394952228,widowhood,persistence_2y_z,-0.2025295640298664,585.6438834674732,UKHLS
weighted_estimate,year2_complete_four_points,5220,,,,,,,,,,,,,,,,,,,,,,,5220.0,caregiving,persistence_2y_z,0.021536318289556,5220.0,UKHLS
weighted_estimate,year2_complete_four_points,5383,,,,,,,,,,,,,,,,,,,,,,,5383.0,health,persistence_2y_z,0.0784550404366958,5383.0,UKHLS
weighted_estimate,year2_complete_four_points,919,,,,,,,,,,,,,,,,,,,,,,,919.0,unemployment,persistence_2y_z,-0.0167073000787815,919.0,UKHLS
weighted_estimate,year2_complete_four_points,348,,,,,,,,,,,,,,,,,,,,,,,348.0,widowhood,persistence_2y_z,-0.2591458079897124,348.0,UKHLS
attrition_model,year4,38438,0.3370882980383995,,24781.0,12957.0,True,23.0,0.5221368013680409,0.5221368013680409,0.8812712907071033,2.086241084941918,2.086241084941918,0.4773102309216001,0.5221368013680409,0.8812712907071033,2.086241084941918,3.5566328479733564,0.9638742072967644,0.3444080240053604,12488.918103944176,0.9614468794808916,0.3335021762928368,12457.46721743391,11565.515904125832,,,,,UKHLS
weighted_estimate,year4_unweighted,5812,,,,,,,,,,,,,,,,,,,,,,,5812.0,caregiving,persistence_4y_z,0.0419951470446194,5812.0,UKHLS
weighted_estimate,year4_unweighted,5745,,,,,,,,,,,,,,,,,,,,,,,5745.0,health,persistence_4y_z,0.0988549768005842,5745.0,UKHLS
weighted_estimate,year4_unweighted,1036,,,,,,,,,,,,,,,,,,,,,,,1036.0,unemployment,persistence_4y_z,-0.0402026591031649,1036.0,UKHLS
weighted_estimate,year4_unweighted,364,,,,,,,,,,,,,,,,,,,,,,,364.0,widowhood,persistence_4y_z,-0.240482138155568,364.0,UKHLS
weighted_estimate,year4_IPOW_truncated_1_99,5812,,,,,,,,,,,,,,,,,,,,,,,5262.376621553815,caregiving,persistence_4y_z,0.0273209801592137,6406.897853827239,UKHLS
weighted_estimate,year4_IPOW_truncated_1_99,5745,,,,,,,,,,,,,,,,,,,,,,,5364.744850021947,health,persistence_4y_z,0.0910687095970837,4617.387229572089,UKHLS
weighted_estimate,year4_IPOW_truncated_1_99,1036,,,,,,,,,,,,,,,,,,,,,,,931.5948989752771,unemployment,persistence_4y_z,-0.0453344816417617,1132.09610113504,UKHLS
weighted_estimate,year4_IPOW_truncated_1_99,364,,,,,,,,,,,,,,,,,,,,,,,338.2926326110205,widowhood,persistence_4y_z,-0.2243883799270568,301.0860328995439,UKHLS
weighted_estimate,year4_complete_four_points,5220,,,,,,,,,,,,,,,,,,,,,,,5220.0,caregiving,persistence_4y_z,0.0391507952579369,5220.0,UKHLS
weighted_estimate,year4_complete_four_points,5383,,,,,,,,,,,,,,,,,,,,,,,5383.0,health,persistence_4y_z,0.1009784891537915,5383.0,UKHLS
weighted_estimate,year4_complete_four_points,919,,,,,,,,,,,,,,,,,,,,,,,919.0,unemployment,persistence_4y_z,-0.0414801932990438,919.0,UKHLS
weighted_estimate,year4_complete_four_points,348,,,,,,,,,,,,,,,,,,,,,,,348.0,widowhood,persistence_4y_z,-0.2535673268001099,348.0,UKHLS
official_weight_audit,event_wave_weight,16938,0.9318101310662416,Wave-specific HRS respondent weight is available but does not directly match the longitudinal event-follow-up estimand.,,,,,,,,,,,,,,,,,,,,,,,,,,HRS
attrition_model,year2,16938,0.7158460266855591,,13073.0,12125.0,True,21.0,0.8223204070511778,0.8223204070511778,0.9776923545703748,1.351282946786285,1.351282946786285,0.7793855212481785,0.8223204070511778,0.9776923545703748,1.351282946786285,1.7832854232927755,0.9997679515674168,0.1173969858939798,12122.186412754929,0.9990233870327714,0.1140458444873454,12113.158567772352,11969.033656998176,,,,,HRS
weighted_estimate,year2_unweighted,3804,,,,,,,,,,,,,,,,,,,,,,,3804.0,widowhood,persistence_2y_z,0.0543944627810622,3804.0,HRS
weighted_estimate,year2_unweighted,1600,,,,,,,,,,,,,,,,,,,,,,,1600.0,unemployment,persistence_2y_z,-0.004874696672846,1600.0,HRS
weighted_estimate,year2_unweighted,2728,,,,,,,,,,,,,,,,,,,,,,,2728.0,caregiving,persistence_2y_z,0.0154725580093786,2728.0,HRS
weighted_estimate,year2_unweighted,3993,,,,,,,,,,,,,,,,,,,,,,,3993.0,health,persistence_2y_z,0.2673718809731814,3993.0,HRS
weighted_estimate,year2_IPOW_truncated_1_99,3804,,,,,,,,,,,,,,,,,,,,,,,3754.280666147788,widowhood,persistence_2y_z,0.0471582341128882,4044.5424844592662,HRS
weighted_estimate,year2_IPOW_truncated_1_99,1600,,,,,,,,,,,,,,,,,,,,,,,1582.1598652121406,unemployment,persistence_2y_z,-0.0122714061502145,1661.5150791769652,HRS
weighted_estimate,year2_IPOW_truncated_1_99,2728,,,,,,,,,,,,,,,,,,,,,,,2704.044733594369,caregiving,persistence_2y_z,0.0083085260368434,2625.19790659249,HRS
weighted_estimate,year2_IPOW_truncated_1_99,3993,,,,,,,,,,,,,,,,,,,,,,,3963.888851620312,health,persistence_2y_z,0.2609651347950207,3781.90309754363,HRS
weighted_estimate,year2_complete_four_points,2499,,,,,,,,,,,,,,,,,,,,,,,2499.0,widowhood,persistence_2y_z,0.0266207571993571,2499.0,HRS
weighted_estimate,year2_complete_four_points,1132,,,,,,,,,,,,,,,,,,,,,,,1132.0,unemployment,persistence_2y_z,0.0024317755175287,1132.0,HRS
weighted_estimate,year2_complete_four_points,1946,,,,,,,,,,,,,,,,,,,,,,,1946.0,caregiving,persistence_2y_z,0.0207471522742496,1946.0,HRS
weighted_estimate,year2_complete_four_points,2396,,,,,,,,,,,,,,,,,,,,,,,2396.0,health,persistence_2y_z,0.2290145230570132,2396.0,HRS
attrition_model,year4,16938,0.5396150667138977,,13073.0,9140.0,True,21.0,0.6948481038950951,0.6948481038950951,0.9510960246030904,1.6914696619696254,1.6914696619696254,0.6219226007976254,0.6948481038950951,0.9510960246030904,1.6914696619696254,2.507381818761342,0.9966012297451596,0.2141384008513883,9108.93523987076,0.9949063105549928,0.2061169621218781,9093.443678472637,8763.891981576036,,,,,HRS
weighted_estimate,year4_unweighted,2861,,,,,,,,,,,,,,,,,,,,,,,2861.0,widowhood,persistence_4y_z,-0.0149136432123588,2861.0,HRS
weighted_estimate,year4_unweighted,1334,,,,,,,,,,,,,,,,,,,,,,,1334.0,unemployment,persistence_4y_z,-0.0319849574441968,1334.0,HRS
weighted_estimate,year4_unweighted,2231,,,,,,,,,,,,,,,,,,,,,,,2231.0,caregiving,persistence_4y_z,-0.0549073329986512,2231.0,HRS
weighted_estimate,year4_unweighted,2714,,,,,,,,,,,,,,,,,,,,,,,2714.0,health,persistence_4y_z,0.1709070470760722,2714.0,HRS
weighted_estimate,year4_IPOW_truncated_1_99,2861,,,,,,,,,,,,,,,,,,,,,,,2743.173712571818,widowhood,persistence_4y_z,-0.0265596616579911,3019.793028580427,HRS
weighted_estimate,year4_IPOW_truncated_1_99,1334,,,,,,,,,,,,,,,,,,,,,,,1297.9663027820286,unemployment,persistence_4y_z,-0.0468981522418828,1260.470108943919,HRS
weighted_estimate,year4_IPOW_truncated_1_99,2231,,,,,,,,,,,,,,,,,,,,,,,2176.7600935927426,caregiving,persistence_4y_z,-0.0710341410283,1991.992119498361,HRS
weighted_estimate,year4_IPOW_truncated_1_99,2714,,,,,,,,,,,,,,,,,,,,,,,2597.520104823001,health,persistence_4y_z,0.1498917384361354,2821.188421449928,HRS
weighted_estimate,year4_complete_four_points,2499,,,,,,,,,,,,,,,,,,,,,,,2499.0,widowhood,persistence_4y_z,-0.0137693571720813,2499.0,HRS
weighted_estimate,year4_complete_four_points,1132,,,,,,,,,,,,,,,,,,,,,,,1132.0,unemployment,persistence_4y_z,-0.0494461021897503,1132.0,HRS
weighted_estimate,year4_complete_four_points,1946,,,,,,,,,,,,,,,,,,,,,,,1946.0,caregiving,persistence_4y_z,-0.0594122996944422,1946.0,HRS
weighted_estimate,year4_complete_four_points,2396,,,,,,,,,,,,,,,,,,,,,,,2396.0,health,persistence_4y_z,0.1752075991615109,2396.0,HRS
